Factor,Bangladesh_Approach,Bangladesh_Score,First_World_Approach,First_World_Examples,First_World_Score,Gap,Key_Differences,Bangladesh_Improvements
Quality Standards,"Weak enforcement, limited certification, quality issues",3,"Strict standards, rigorous certification, quality culture","Germany: DIN standards, Japan: JIS standards, USA: ANSI standards",9,6,"Mandatory certification, testing labs, enforcement, quality culture","Mandatory quality certification, 20 testing labs, strict enforcement, quality awards"
Cultural Export Promotion,"No systematic approach, limited support, fragmented efforts",2,"Strategic promotion, government support, global branding","South Korea: K-pop/K-drama strategy, Japan: Cool Japan, UK: Creative Industries",9,7,"National strategy, funding, marketing, IP protection, global distribution","Cultural Export Council, $500M fund, brand Bangladesh, IP protection, global marketing"
Creative Industry Support,"Minimal support, no infrastructure, limited funding",2,"Comprehensive support, infrastructure, funding, tax incentives","UK: Creative Industries Council, France: CNC, Canada: Telefilm",9,7,"Dedicated agencies, funding programs, tax credits, infrastructure, training","Creative Industries Authority, $1B fund, tax holidays, studios/centers, training programs"
Higher Education Quality,"Quantity over quality, outdated curriculum, limited research",3,"Quality focus, modern curriculum, strong research, industry links","USA: Research universities, Germany: Dual system, Singapore: World-class universities",9,6,"Research funding, industry collaboration, modern curriculum, quality assurance","Accreditation system, research funding $500M, industry partnerships, curriculum reform"
Graduate Employment Services,"No systematic placement, limited career services, self-reliant",2,"Comprehensive career services, job placement, industry connections","Germany: Job centers, USA: Career services, Singapore: Career guidance",9,7,"Career counseling, job matching, internships, employer connections","100 career centers, mandatory internships, job portals, employer partnerships"
Skill Development Programs,"Limited programs, basic skills, no certification",3,"Comprehensive programs, industry-aligned, international certification","Singapore: SkillsFuture, Germany: Vocational training, Australia: VET",9,6,"Lifelong learning, industry alignment, certification, funding support","National Skill Authority, 200 centers, industry-aligned programs, certification, subsidies"
Natural Resource Management,"Foreign control, limited local benefit, no strategic plan",2,"National control, maximum local benefit, strategic reserves","Norway: Oil fund, UAE: Resource sovereignty, Malaysia: Petronas model",9,7,"National ownership, sovereign wealth funds, local content requirements","Renegotiate contracts, 70% local ownership, sovereign wealth fund, local content 60%"
Infrastructure Development,"High costs, slow execution, quality issues, corruption",3,"Cost-effective, fast execution, high quality, transparent","China: Fast infrastructure, Singapore: Quality focus, Germany: Engineering excellence",9,6,"Project management, transparency, quality control, technology, efficiency","Transparent bidding, project management standards, quality audits, anti-corruption, technology"
Policy Coordination,"Fragmented, multiple agencies, poor coordination",3,"Coordinated, single-window, integrated approach","Singapore: Whole-of-government, UAE: Federal coordination, Estonia: Digital government",9,6,"Central coordination, digital integration, clear mandates, accountability","Prime Minister's Office coordination, digital integration, clear KPIs, accountability"
Ease of Doing Business,"Complex procedures, bureaucracy, corruption, delays",3,"Simple procedures, one-stop service, transparency, speed","Singapore: #1 globally, New Zealand: Simple processes, Denmark: Digital services",9,6,"Process simplification, digitalization, transparency, time limits","One-stop service, digital processes, anti-corruption, 30-day maximum processing"
Tax Administration,"Low collection, narrow base, complex system, evasion",3,"High collection, broad base, simple system, compliance","Denmark: 46% tax/GDP, Sweden: Efficient collection, Singapore: Simple system",9,6,"Digital systems, broad base, enforcement, simplicity, compliance culture","Digital tax system, broaden base, simplify, strict enforcement, taxpayer education"
R&D Investment,"Minimal R&D, <0.3% of GDP, limited private sector",2,"High R&D, 2-4% of GDP, strong private sector","Israel: 5% of GDP, South Korea: 4.8%, USA: 3.5%",9,7,"Government funding, private investment, university research, commercialization","Increase to 2% of GDP, R&D tax credits, university funding, tech transfer offices"
Innovation Ecosystem,"Weak ecosystem, limited startups, no venture capital",3,"Strong ecosystem, vibrant startups, active VC","USA: Silicon Valley, Israel: Startup Nation, Singapore: Innovation hub",9,6,"Startup support, VC funding, incubators, IP protection, exit opportunities","50 incubators, $500M VC fund, IP protection, startup visas, tax incentives"
