Year,Value,Indicator,Indicator_Code,Country
YR2000,1.44880050002803,Agricultural raw materials exports (% of merchandise exports),TX.VAL.AGRI.ZS.UN,Bangladesh
YR2000,4931649726.19332,Exports of goods and services (constant 2015 US$),NE.EXP.GNFS.KD,Bangladesh
YR2000,6588073941.56231,Exports of goods and services (current US$),NE.EXP.GNFS.CD,Bangladesh
YR2000,7.61291665750379,Food exports (% of merchandise exports),TX.VAL.FOOD.ZS.UN,Bangladesh
YR2000,0.229218459463864,Fuel exports (% of merchandise exports),TX.VAL.FUEL.ZS.UN,Bangladesh
YR2000,0.0141371379781013,Machinery and transport equipment exports (% of merchandise exports),TX.VAL.MMTL.ZS.UN,Bangladesh
YR2000,90.5095803796113,Manufactures exports (% of merchandise exports),TX.VAL.MANF.ZS.UN,Bangladesh
YR2000,1.61923443608932,Merchandise exports to developing economies in East Asia & Pacific (% of total),TX.VAL.MRCH.R1.ZS,Bangladesh
YR2000,0.63457245802714,Merchandise exports to developing economies in Europe & Central Asia (% of total),TX.VAL.MRCH.R2.ZS,Bangladesh
YR2000,0.425597807497951,Merchandise exports to developing economies in Latin America & the Caribbean (% of total),TX.VAL.MRCH.R3.ZS,Bangladesh
YR2000,1.20526891222685,Merchandise exports to developing economies in Middle East & North Africa (% of total),TX.VAL.MRCH.R4.ZS,Bangladesh
YR2000,1.9589206235166,Merchandise exports to developing economies in South Asia (% of total),TX.VAL.MRCH.R5.ZS,Bangladesh
YR2000,0.647181518595443,Merchandise exports to developing economies in Sub-Saharan Africa (% of total),TX.VAL.MRCH.R6.ZS,Bangladesh
YR2000,2.28983785866483,Merchandise exports to economies in the Arab World (% of total),TX.VAL.MRCH.AL.ZS,Bangladesh
YR2000,93.496697692632,Merchandise exports to high income economies (% of total),TX.VAL.MRCH.HI.ZS,Bangladesh
YR2000,6389000000.0,Total Merchandise Exports (current US$),TX.VAL.MRCH.CD.WT,Bangladesh
YR2000,4777651727.0,Total Merchandise Exports (current US$) - Alternative,TX.VAL.MRCH.WL.CD,Bangladesh
YR2000,32.1805263831873,Transport services (% of service exports),TX.VAL.TRAN.ZS.WT,Bangladesh
YR2001,0.986272757453279,Agricultural raw materials exports (% of merchandise exports),TX.VAL.AGRI.ZS.UN,Bangladesh
YR2001,5666657358.84085,Exports of goods and services (constant 2015 US$),NE.EXP.GNFS.KD,Bangladesh
YR2001,7227575982.20904,Exports of goods and services (current US$),NE.EXP.GNFS.CD,Bangladesh
YR2001,6.06966941597294,Food exports (% of merchandise exports),TX.VAL.FOOD.ZS.UN,Bangladesh
YR2001,0.156029792883551,Fuel exports (% of merchandise exports),TX.VAL.FUEL.ZS.UN,Bangladesh
YR2001,0.00875724890827912,Machinery and transport equipment exports (% of merchandise exports),TX.VAL.MMTL.ZS.UN,Bangladesh
YR2001,92.6975170879325,Manufactures exports (% of merchandise exports),TX.VAL.MANF.ZS.UN,Bangladesh
YR2001,1.06447225285623,Merchandise exports to developing economies in East Asia & Pacific (% of total),TX.VAL.MRCH.R1.ZS,Bangladesh
YR2001,0.473133836466196,Merchandise exports to developing economies in Europe & Central Asia (% of total),TX.VAL.MRCH.R2.ZS,Bangladesh
YR2001,0.366120798819756,Merchandise exports to developing economies in Latin America & the Caribbean (% of total),TX.VAL.MRCH.R3.ZS,Bangladesh
YR2001,1.54853739404757,Merchandise exports to developing economies in Middle East & North Africa (% of total),TX.VAL.MRCH.R4.ZS,Bangladesh
YR2001,2.02569576505556,Merchandise exports to developing economies in South Asia (% of total),TX.VAL.MRCH.R5.ZS,Bangladesh
YR2001,0.436451957495802,Merchandise exports to developing economies in Sub-Saharan Africa (% of total),TX.VAL.MRCH.R6.ZS,Bangladesh
YR2001,2.27344218444545,Merchandise exports to economies in the Arab World (% of total),TX.VAL.MRCH.AL.ZS,Bangladesh
YR2001,94.0742513372541,Merchandise exports to high income economies (% of total),TX.VAL.MRCH.HI.ZS,Bangladesh
YR2001,6080000000.0,Total Merchandise Exports (current US$),TX.VAL.MRCH.CD.WT,Bangladesh
YR2001,4820979867.0,Total Merchandise Exports (current US$) - Alternative,TX.VAL.MRCH.WL.CD,Bangladesh
YR2001,29.5035995901994,Transport services (% of service exports),TX.VAL.TRAN.ZS.WT,Bangladesh
YR2002,1.03320677792579,Agricultural raw materials exports (% of merchandise exports),TX.VAL.AGRI.ZS.UN,Bangladesh
YR2002,5657358518.10689,Exports of goods and services (constant 2015 US$),NE.EXP.GNFS.KD,Bangladesh
YR2002,6791241511.40519,Exports of goods and services (current US$),NE.EXP.GNFS.CD,Bangladesh
YR2002,6.82145396379277,Food exports (% of merchandise exports),TX.VAL.FOOD.ZS.UN,Bangladesh
YR2002,0.305510455605223,Fuel exports (% of merchandise exports),TX.VAL.FUEL.ZS.UN,Bangladesh
YR2002,0.0410228945664486,Machinery and transport equipment exports (% of merchandise exports),TX.VAL.MMTL.ZS.UN,Bangladesh
YR2002,89.6855326828569,Manufactures exports (% of merchandise exports),TX.VAL.MANF.ZS.UN,Bangladesh
YR2002,1.12161304016079,Merchandise exports to developing economies in East Asia & Pacific (% of total),TX.VAL.MRCH.R1.ZS,Bangladesh
YR2002,0.689713052380344,Merchandise exports to developing economies in Europe & Central Asia (% of total),TX.VAL.MRCH.R2.ZS,Bangladesh
YR2002,0.458995180219981,Merchandise exports to developing economies in Latin America & the Caribbean (% of total),TX.VAL.MRCH.R3.ZS,Bangladesh
YR2002,1.90666853435537,Merchandise exports to developing economies in Middle East & North Africa (% of total),TX.VAL.MRCH.R4.ZS,Bangladesh
YR2002,1.72480008077315,Merchandise exports to developing economies in South Asia (% of total),TX.VAL.MRCH.R5.ZS,Bangladesh
YR2002,0.848990716700343,Merchandise exports to developing economies in Sub-Saharan Africa (% of total),TX.VAL.MRCH.R6.ZS,Bangladesh
YR2002,2.35571405237338,Merchandise exports to economies in the Arab World (% of total),TX.VAL.MRCH.AL.ZS,Bangladesh
YR2002,93.2465224541941,Merchandise exports to high income economies (% of total),TX.VAL.MRCH.HI.ZS,Bangladesh
YR2002,6149000000.0,Total Merchandise Exports (current US$),TX.VAL.MRCH.CD.WT,Bangladesh
YR2002,4546817679.0,Total Merchandise Exports (current US$) - Alternative,TX.VAL.MRCH.WL.CD,Bangladesh
YR2002,26.777458122256,Transport services (% of service exports),TX.VAL.TRAN.ZS.WT,Bangladesh
YR2003,0.93583771479244,Agricultural raw materials exports (% of merchandise exports),TX.VAL.AGRI.ZS.UN,Bangladesh
YR2003,5561387904.32919,Exports of goods and services (constant 2015 US$),NE.EXP.GNFS.KD,Bangladesh
YR2003,6876856649.39551,Exports of goods and services (current US$),NE.EXP.GNFS.CD,Bangladesh
YR2003,5.78812281014859,Food exports (% of merchandise exports),TX.VAL.FOOD.ZS.UN,Bangladesh
YR2003,0.32333946274161,Fuel exports (% of merchandise exports),TX.VAL.FUEL.ZS.UN,Bangladesh
YR2003,0.0234516661687324,Machinery and transport equipment exports (% of merchandise exports),TX.VAL.MMTL.ZS.UN,Bangladesh
YR2003,92.9135148456814,Manufactures exports (% of merchandise exports),TX.VAL.MANF.ZS.UN,Bangladesh
YR2003,1.19967665407089,Merchandise exports to developing economies in East Asia & Pacific (% of total),TX.VAL.MRCH.R1.ZS,Bangladesh
YR2003,0.690450010298602,Merchandise exports to developing economies in Europe & Central Asia (% of total),TX.VAL.MRCH.R2.ZS,Bangladesh
YR2003,0.454027404882711,Merchandise exports to developing economies in Latin America & the Caribbean (% of total),TX.VAL.MRCH.R3.ZS,Bangladesh
YR2003,1.34200411811078,Merchandise exports to developing economies in Middle East & North Africa (% of total),TX.VAL.MRCH.R4.ZS,Bangladesh
YR2003,2.14089425695253,Merchandise exports to developing economies in South Asia (% of total),TX.VAL.MRCH.R5.ZS,Bangladesh
YR2003,0.81541265621678,Merchandise exports to developing economies in Sub-Saharan Africa (% of total),TX.VAL.MRCH.R6.ZS,Bangladesh
YR2003,1.86300166730634,Merchandise exports to economies in the Arab World (% of total),TX.VAL.MRCH.AL.ZS,Bangladesh
YR2003,93.3565247287915,Merchandise exports to high income economies (% of total),TX.VAL.MRCH.HI.ZS,Bangladesh
YR2003,6990000000.0,Total Merchandise Exports (current US$),TX.VAL.MRCH.CD.WT,Bangladesh
YR2003,5252280753.0,Total Merchandise Exports (current US$) - Alternative,TX.VAL.MRCH.WL.CD,Bangladesh
YR2003,14.8215465184376,Transport services (% of service exports),TX.VAL.TRAN.ZS.WT,Bangladesh
YR2004,1.25773075418516,Agricultural raw materials exports (% of merchandise exports),TX.VAL.AGRI.ZS.UN,Bangladesh
YR2004,10322676287.2838,Exports of goods and services (constant 2015 US$),NE.EXP.GNFS.KD,Bangladesh
YR2004,7257329709.52947,Exports of goods and services (current US$),NE.EXP.GNFS.CD,Bangladesh
YR2004,6.18429964017595,Food exports (% of merchandise exports),TX.VAL.FOOD.ZS.UN,Bangladesh
YR2004,0.468507399136077,Fuel exports (% of merchandise exports),TX.VAL.FUEL.ZS.UN,Bangladesh
YR2004,0.159890241832099,Machinery and transport equipment exports (% of merchandise exports),TX.VAL.MMTL.ZS.UN,Bangladesh
YR2004,91.9107322502853,Manufactures exports (% of merchandise exports),TX.VAL.MANF.ZS.UN,Bangladesh
YR2004,1.41219382942391,Merchandise exports to developing economies in East Asia & Pacific (% of total),TX.VAL.MRCH.R1.ZS,Bangladesh
YR2004,0.985885487886732,Merchandise exports to developing economies in Europe & Central Asia (% of total),TX.VAL.MRCH.R2.ZS,Bangladesh
YR2004,0.376354132235173,Merchandise exports to developing economies in Latin America & the Caribbean (% of total),TX.VAL.MRCH.R3.ZS,Bangladesh
YR2004,0.955589855254434,Merchandise exports to developing economies in Middle East & North Africa (% of total),TX.VAL.MRCH.R4.ZS,Bangladesh
YR2004,1.92093126127884,Merchandise exports to developing economies in South Asia (% of total),TX.VAL.MRCH.R5.ZS,Bangladesh
YR2004,0.71124904983536,Merchandise exports to developing economies in Sub-Saharan Africa (% of total),TX.VAL.MRCH.R6.ZS,Bangladesh
YR2004,1.43770365543222,Merchandise exports to economies in the Arab World (% of total),TX.VAL.MRCH.AL.ZS,Bangladesh
YR2004,93.6343637531808,Merchandise exports to high income economies (% of total),TX.VAL.MRCH.HI.ZS,Bangladesh
YR2004,8305000000.0,Total Merchandise Exports (current US$),TX.VAL.MRCH.CD.WT,Bangladesh
YR2004,6585619202.0,Total Merchandise Exports (current US$) - Alternative,TX.VAL.MRCH.WL.CD,Bangladesh
YR2004,16.8354881279529,Transport services (% of service exports),TX.VAL.TRAN.ZS.WT,Bangladesh
YR2005,1.71548600888816,Agricultural raw materials exports (% of merchandise exports),TX.VAL.AGRI.ZS.UN,Bangladesh
YR2005,14761557885.222,Exports of goods and services (constant 2015 US$),NE.EXP.GNFS.KD,Bangladesh
YR2005,9999571015.39225,Exports of goods and services (current US$),NE.EXP.GNFS.CD,Bangladesh
YR2005,6.22182176823361,Food exports (% of merchandise exports),TX.VAL.FOOD.ZS.UN,Bangladesh
YR2005,0.579319820624958,Fuel exports (% of merchandise exports),TX.VAL.FUEL.ZS.UN,Bangladesh
YR2005,0.197936065954641,Machinery and transport equipment exports (% of merchandise exports),TX.VAL.MMTL.ZS.UN,Bangladesh
YR2005,91.1879602312674,Manufactures exports (% of merchandise exports),TX.VAL.MANF.ZS.UN,Bangladesh
YR2005,1.85916111177227,Merchandise exports to developing economies in East Asia & Pacific (% of total),TX.VAL.MRCH.R1.ZS,Bangladesh
YR2005,1.14271241121628,Merchandise exports to developing economies in Europe & Central Asia (% of total),TX.VAL.MRCH.R2.ZS,Bangladesh
YR2005,0.465777161270374,Merchandise exports to developing economies in Latin America & the Caribbean (% of total),TX.VAL.MRCH.R3.ZS,Bangladesh
YR2005,1.08926537226097,Merchandise exports to developing economies in Middle East & North Africa (% of total),TX.VAL.MRCH.R4.ZS,Bangladesh
YR2005,2.59639200974953,Merchandise exports to developing economies in South Asia (% of total),TX.VAL.MRCH.R5.ZS,Bangladesh
YR2005,0.55973527637263,Merchandise exports to developing economies in Sub-Saharan Africa (% of total),TX.VAL.MRCH.R6.ZS,Bangladesh
YR2005,1.39029943937848,Merchandise exports to economies in the Arab World (% of total),TX.VAL.MRCH.AL.ZS,Bangladesh
YR2005,92.2869566573579,Merchandise exports to high income economies (% of total),TX.VAL.MRCH.HI.ZS,Bangladesh
YR2005,9297000000.0,Total Merchandise Exports (current US$),TX.VAL.MRCH.CD.WT,Bangladesh
YR2005,7214530637.0,Total Merchandise Exports (current US$) - Alternative,TX.VAL.MRCH.WL.CD,Bangladesh
YR2005,16.2957876189868,Transport services (% of service exports),TX.VAL.TRAN.ZS.WT,Bangladesh
YR2006,1.64276839466699,Agricultural raw materials exports (% of merchandise exports),TX.VAL.AGRI.ZS.UN,Bangladesh
YR2006,18522258101.4364,Exports of goods and services (constant 2015 US$),NE.EXP.GNFS.KD,Bangladesh
YR2006,11741089556.3444,Exports of goods and services (current US$),NE.EXP.GNFS.CD,Bangladesh
YR2006,5.92828842730961,Food exports (% of merchandise exports),TX.VAL.FOOD.ZS.UN,Bangladesh
YR2006,0.761449863704974,Fuel exports (% of merchandise exports),TX.VAL.FUEL.ZS.UN,Bangladesh
YR2006,0.334982177296064,Machinery and transport equipment exports (% of merchandise exports),TX.VAL.MMTL.ZS.UN,Bangladesh
YR2006,91.3316086602938,Manufactures exports (% of merchandise exports),TX.VAL.MANF.ZS.UN,Bangladesh
YR2006,2.03227158172867,Merchandise exports to developing economies in East Asia & Pacific (% of total),TX.VAL.MRCH.R1.ZS,Bangladesh
YR2006,1.70215120966488,Merchandise exports to developing economies in Europe & Central Asia (% of total),TX.VAL.MRCH.R2.ZS,Bangladesh
YR2006,0.439541665834896,Merchandise exports to developing economies in Latin America & the Caribbean (% of total),TX.VAL.MRCH.R3.ZS,Bangladesh
YR2006,0.847933601932071,Merchandise exports to developing economies in Middle East & North Africa (% of total),TX.VAL.MRCH.R4.ZS,Bangladesh
YR2006,2.33384822056911,Merchandise exports to developing economies in South Asia (% of total),TX.VAL.MRCH.R5.ZS,Bangladesh
YR2006,0.403566544013735,Merchandise exports to developing economies in Sub-Saharan Africa (% of total),TX.VAL.MRCH.R6.ZS,Bangladesh
YR2006,1.11248627935705,Merchandise exports to economies in the Arab World (% of total),TX.VAL.MRCH.AL.ZS,Bangladesh
YR2006,92.2406871762567,Merchandise exports to high income economies (% of total),TX.VAL.MRCH.HI.ZS,Bangladesh
YR2006,11802000000.0,Total Merchandise Exports (current US$),TX.VAL.MRCH.CD.WT,Bangladesh
YR2006,9178715270.0,Total Merchandise Exports (current US$) - Alternative,TX.VAL.MRCH.WL.CD,Bangladesh
YR2006,9.98381286573198,Transport services (% of service exports),TX.VAL.TRAN.ZS.WT,Bangladesh
YR2007,3.12310343301332,Agricultural raw materials exports (% of merchandise exports),TX.VAL.AGRI.ZS.UN,Bangladesh
YR2007,20925632793.8814,Exports of goods and services (constant 2015 US$),NE.EXP.GNFS.KD,Bangladesh
YR2007,13530265640.2252,Exports of goods and services (current US$),NE.EXP.GNFS.CD,Bangladesh
YR2007,6.51994522760569,Food exports (% of merchandise exports),TX.VAL.FOOD.ZS.UN,Bangladesh
YR2007,1.62282630256016,Fuel exports (% of merchandise exports),TX.VAL.FUEL.ZS.UN,Bangladesh
YR2007,0.425047394742913,Machinery and transport equipment exports (% of merchandise exports),TX.VAL.MMTL.ZS.UN,Bangladesh
YR2007,88.2812216494338,Manufactures exports (% of merchandise exports),TX.VAL.MANF.ZS.UN,Bangladesh
YR2007,1.85302001416775,Merchandise exports to developing economies in East Asia & Pacific (% of total),TX.VAL.MRCH.R1.ZS,Bangladesh
YR2007,1.6474481907418,Merchandise exports to developing economies in Europe & Central Asia (% of total),TX.VAL.MRCH.R2.ZS,Bangladesh
YR2007,0.620091522406624,Merchandise exports to developing economies in Latin America & the Caribbean (% of total),TX.VAL.MRCH.R3.ZS,Bangladesh
YR2007,0.829725050003075,Merchandise exports to developing economies in Middle East & North Africa (% of total),TX.VAL.MRCH.R4.ZS,Bangladesh
YR2007,2.78546647141467,Merchandise exports to developing economies in South Asia (% of total),TX.VAL.MRCH.R5.ZS,Bangladesh
YR2007,0.541218307364255,Merchandise exports to developing economies in Sub-Saharan Africa (% of total),TX.VAL.MRCH.R6.ZS,Bangladesh
YR2007,1.26448964333798,Merchandise exports to economies in the Arab World (% of total),TX.VAL.MRCH.AL.ZS,Bangladesh
YR2007,91.7230304439018,Merchandise exports to high income economies (% of total),TX.VAL.MRCH.HI.ZS,Bangladesh
YR2007,12453000000.0,Total Merchandise Exports (current US$),TX.VAL.MRCH.CD.WT,Bangladesh
YR2007,10421758509.0,Total Merchandise Exports (current US$) - Alternative,TX.VAL.MRCH.WL.CD,Bangladesh
YR2007,8.16892271279397,Transport services (% of service exports),TX.VAL.TRAN.ZS.WT,Bangladesh
YR2008,1.53507157295862,Agricultural raw materials exports (% of merchandise exports),TX.VAL.AGRI.ZS.UN,Bangladesh
YR2008,22407295092.9576,Exports of goods and services (constant 2015 US$),NE.EXP.GNFS.KD,Bangladesh
YR2008,16182047682.9643,Exports of goods and services (current US$),NE.EXP.GNFS.CD,Bangladesh
YR2008,4.81908048002957,Food exports (% of merchandise exports),TX.VAL.FOOD.ZS.UN,Bangladesh
YR2008,1.41061914831305,Fuel exports (% of merchandise exports),TX.VAL.FUEL.ZS.UN,Bangladesh
YR2008,0.435480466968654,High-technology exports (% of manufactured exports),TX.VAL.TECH.MF.ZS,Bangladesh
YR2008,62063721.0,High-technology exports (current US$),TX.VAL.TECH.CD,Bangladesh
YR2008,0.326725359622683,Machinery and transport equipment exports (% of merchandise exports),TX.VAL.MMTL.ZS.UN,Bangladesh
YR2008,91.9071307309129,Manufactures exports (% of merchandise exports),TX.VAL.MANF.ZS.UN,Bangladesh
YR2008,2.16658836792222,Merchandise exports to developing economies in East Asia & Pacific (% of total),TX.VAL.MRCH.R1.ZS,Bangladesh
YR2008,2.36278707248343,Merchandise exports to developing economies in Europe & Central Asia (% of total),TX.VAL.MRCH.R2.ZS,Bangladesh
YR2008,1.05884312773642,Merchandise exports to developing economies in Latin America & the Caribbean (% of total),TX.VAL.MRCH.R3.ZS,Bangladesh
YR2008,0.860264382904796,Merchandise exports to developing economies in Middle East & North Africa (% of total),TX.VAL.MRCH.R4.ZS,Bangladesh
YR2008,3.58126675054204,Merchandise exports to developing economies in South Asia (% of total),TX.VAL.MRCH.R5.ZS,Bangladesh
YR2008,0.660014509127408,Merchandise exports to developing economies in Sub-Saharan Africa (% of total),TX.VAL.MRCH.R6.ZS,Bangladesh
YR2008,1.49949973221924,Merchandise exports to economies in the Arab World (% of total),TX.VAL.MRCH.AL.ZS,Bangladesh
YR2008,89.3102357892837,Merchandise exports to high income economies (% of total),TX.VAL.MRCH.HI.ZS,Bangladesh
YR2008,15370000000.0,Total Merchandise Exports (current US$),TX.VAL.MRCH.CD.WT,Bangladesh
YR2008,11723751210.0,Total Merchandise Exports (current US$) - Alternative,TX.VAL.MRCH.WL.CD,Bangladesh
YR2008,10.6834999804905,Transport services (% of service exports),TX.VAL.TRAN.ZS.WT,Bangladesh
YR2009,1.54240916058004,Agricultural raw materials exports (% of merchandise exports),TX.VAL.AGRI.ZS.UN,Bangladesh
YR2009,22413682175.8445,Exports of goods and services (constant 2015 US$),NE.EXP.GNFS.KD,Bangladesh
YR2009,17359427992.7925,Exports of goods and services (current US$),NE.EXP.GNFS.CD,Bangladesh
YR2009,3.694887123026,Food exports (% of merchandise exports),TX.VAL.FOOD.ZS.UN,Bangladesh
YR2009,1.72665865195063,Fuel exports (% of merchandise exports),TX.VAL.FUEL.ZS.UN,Bangladesh
YR2009,0.306260590781621,High-technology exports (% of manufactured exports),TX.VAL.TECH.MF.ZS,Bangladesh
YR2009,44173505.0,High-technology exports (current US$),TX.VAL.TECH.CD,Bangladesh
YR2009,0.331266388916683,Machinery and transport equipment exports (% of merchandise exports),TX.VAL.MMTL.ZS.UN,Bangladesh
YR2009,92.704172111994,Manufactures exports (% of merchandise exports),TX.VAL.MANF.ZS.UN,Bangladesh
YR2009,2.06148758697285,Merchandise exports to developing economies in East Asia & Pacific (% of total),TX.VAL.MRCH.R1.ZS,Bangladesh
YR2009,2.90333370658664,Merchandise exports to developing economies in Europe & Central Asia (% of total),TX.VAL.MRCH.R2.ZS,Bangladesh
YR2009,0.95586059544831,Merchandise exports to developing economies in Latin America & the Caribbean (% of total),TX.VAL.MRCH.R3.ZS,Bangladesh
YR2009,0.783170835623036,Merchandise exports to developing economies in Middle East & North Africa (% of total),TX.VAL.MRCH.R4.ZS,Bangladesh
YR2009,3.00290064276283,Merchandise exports to developing economies in South Asia (% of total),TX.VAL.MRCH.R5.ZS,Bangladesh
YR2009,0.649138862846111,Merchandise exports to developing economies in Sub-Saharan Africa (% of total),TX.VAL.MRCH.R6.ZS,Bangladesh
YR2009,1.7143936291448,Merchandise exports to economies in the Arab World (% of total),TX.VAL.MRCH.AL.ZS,Bangladesh
YR2009,89.6441077697602,Merchandise exports to high income economies (% of total),TX.VAL.MRCH.HI.ZS,Bangladesh
YR2009,15083000000.0,Total Merchandise Exports (current US$),TX.VAL.MRCH.CD.WT,Bangladesh
YR2009,12393272781.0,Total Merchandise Exports (current US$) - Alternative,TX.VAL.MRCH.WL.CD,Bangladesh
YR2009,15.1702155886538,Transport services (% of service exports),TX.VAL.TRAN.ZS.WT,Bangladesh
YR2010,1.94860335841044,Agricultural raw materials exports (% of merchandise exports),TX.VAL.AGRI.ZS.UN,Bangladesh
YR2010,22624714205.8624,Exports of goods and services (constant 2015 US$),NE.EXP.GNFS.KD,Bangladesh
YR2010,18471882436.8538,Exports of goods and services (current US$),NE.EXP.GNFS.CD,Bangladesh
YR2010,4.0297492269178,Food exports (% of merchandise exports),TX.VAL.FOOD.ZS.UN,Bangladesh
YR2010,1.87340450699641,Fuel exports (% of merchandise exports),TX.VAL.FUEL.ZS.UN,Bangladesh
YR2010,0.213025597821188,High-technology exports (% of manufactured exports),TX.VAL.TECH.MF.ZS,Bangladesh
YR2010,37560962.0,High-technology exports (current US$),TX.VAL.TECH.CD,Bangladesh
YR2010,0.461533261380147,Machinery and transport equipment exports (% of merchandise exports),TX.VAL.MMTL.ZS.UN,Bangladesh
YR2010,91.686087379598,Manufactures exports (% of merchandise exports),TX.VAL.MANF.ZS.UN,Bangladesh
YR2010,2.848210331639,Merchandise exports to developing economies in East Asia & Pacific (% of total),TX.VAL.MRCH.R1.ZS,Bangladesh
YR2010,3.74953093014684,Merchandise exports to developing economies in Europe & Central Asia (% of total),TX.VAL.MRCH.R2.ZS,Bangladesh
YR2010,0.848023551502688,Merchandise exports to developing economies in Latin America & the Caribbean (% of total),TX.VAL.MRCH.R3.ZS,Bangladesh
YR2010,1.29185020769049,Merchandise exports to developing economies in Middle East & North Africa (% of total),TX.VAL.MRCH.R4.ZS,Bangladesh
YR2010,2.99737980093544,Merchandise exports to developing economies in South Asia (% of total),TX.VAL.MRCH.R5.ZS,Bangladesh
YR2010,0.733206658538634,Merchandise exports to developing economies in Sub-Saharan Africa (% of total),TX.VAL.MRCH.R6.ZS,Bangladesh
YR2010,2.0358984720236,Merchandise exports to economies in the Arab World (% of total),TX.VAL.MRCH.AL.ZS,Bangladesh
YR2010,87.5317985195469,Merchandise exports to high income economies (% of total),TX.VAL.MRCH.HI.ZS,Bangladesh
YR2010,19194000000.0,Total Merchandise Exports (current US$),TX.VAL.MRCH.CD.WT,Bangladesh
YR2010,14081069068.0,Total Merchandise Exports (current US$) - Alternative,TX.VAL.MRCH.WL.CD,Bangladesh
YR2010,14.2174155607561,Transport services (% of service exports),TX.VAL.TRAN.ZS.WT,Bangladesh
YR2011,1.7535465732422,Agricultural raw materials exports (% of merchandise exports),TX.VAL.AGRI.ZS.UN,Bangladesh
YR2011,29262607331.5145,Exports of goods and services (constant 2015 US$),NE.EXP.GNFS.KD,Bangladesh
YR2011,25621279024.2428,Exports of goods and services (current US$),NE.EXP.GNFS.CD,Bangladesh
YR2011,3.85995629311679,Food exports (% of merchandise exports),TX.VAL.FOOD.ZS.UN,Bangladesh
YR2011,1.15197562004724,Fuel exports (% of merchandise exports),TX.VAL.FUEL.ZS.UN,Bangladesh
YR2011,0.19506469565516,High-technology exports (% of manufactured exports),TX.VAL.TECH.MF.ZS,Bangladesh
YR2011,44006131.0,High-technology exports (current US$),TX.VAL.TECH.CD,Bangladesh
YR2011,0.448393262306309,Machinery and transport equipment exports (% of merchandise exports),TX.VAL.MMTL.ZS.UN,Bangladesh
YR2011,92.7860461578024,Manufactures exports (% of merchandise exports),TX.VAL.MANF.ZS.UN,Bangladesh
YR2011,2.50420573654337,Merchandise exports to developing economies in East Asia & Pacific (% of total),TX.VAL.MRCH.R1.ZS,Bangladesh
YR2011,3.2523556315212,Merchandise exports to developing economies in Europe & Central Asia (% of total),TX.VAL.MRCH.R2.ZS,Bangladesh
YR2011,1.17290746983943,Merchandise exports to developing economies in Latin America & the Caribbean (% of total),TX.VAL.MRCH.R3.ZS,Bangladesh
YR2011,0.931008830366074,Merchandise exports to developing economies in Middle East & North Africa (% of total),TX.VAL.MRCH.R4.ZS,Bangladesh
YR2011,3.2820852766941,Merchandise exports to developing economies in South Asia (% of total),TX.VAL.MRCH.R5.ZS,Bangladesh
YR2011,0.6667667957365,Merchandise exports to developing economies in Sub-Saharan Africa (% of total),TX.VAL.MRCH.R6.ZS,Bangladesh
YR2011,1.83070105847182,Merchandise exports to economies in the Arab World (% of total),TX.VAL.MRCH.AL.ZS,Bangladesh
YR2011,88.1906702592993,Merchandise exports to high income economies (% of total),TX.VAL.MRCH.HI.ZS,Bangladesh
YR2011,24439000000.0,Total Merchandise Exports (current US$),TX.VAL.MRCH.CD.WT,Bangladesh
YR2011,19741113511.0,Total Merchandise Exports (current US$) - Alternative,TX.VAL.MRCH.WL.CD,Bangladesh
YR2011,19.455310915958,Transport services (% of service exports),TX.VAL.TRAN.ZS.WT,Bangladesh
YR2012,1.39329759278668,Agricultural raw materials exports (% of merchandise exports),TX.VAL.AGRI.ZS.UN,Bangladesh
YR2012,32929872980.3364,Exports of goods and services (constant 2015 US$),NE.EXP.GNFS.KD,Bangladesh
YR2012,26877564843.4222,Exports of goods and services (current US$),NE.EXP.GNFS.CD,Bangladesh
YR2012,2.64399336692833,Food exports (% of merchandise exports),TX.VAL.FOOD.ZS.UN,Bangladesh
YR2012,1.82373354611352,Fuel exports (% of merchandise exports),TX.VAL.FUEL.ZS.UN,Bangladesh
YR2012,0.463362848345637,High-technology exports (% of manufactured exports),TX.VAL.TECH.MF.ZS,Bangladesh
YR2012,105405034.0,High-technology exports (current US$),TX.VAL.TECH.CD,Bangladesh
YR2012,0.417876025550295,Machinery and transport equipment exports (% of merchandise exports),TX.VAL.MMTL.ZS.UN,Bangladesh
YR2012,92.7971855138084,Manufactures exports (% of merchandise exports),TX.VAL.MANF.ZS.UN,Bangladesh
YR2012,2.85628020151087,Merchandise exports to developing economies in East Asia & Pacific (% of total),TX.VAL.MRCH.R1.ZS,Bangladesh
YR2012,2.62907631834501,Merchandise exports to developing economies in Europe & Central Asia (% of total),TX.VAL.MRCH.R2.ZS,Bangladesh
YR2012,1.24281630699715,Merchandise exports to developing economies in Latin America & the Caribbean (% of total),TX.VAL.MRCH.R3.ZS,Bangladesh
YR2012,0.73166483362904,Merchandise exports to developing economies in Middle East & North Africa (% of total),TX.VAL.MRCH.R4.ZS,Bangladesh
YR2012,3.38871780172685,Merchandise exports to developing economies in South Asia (% of total),TX.VAL.MRCH.R5.ZS,Bangladesh
YR2012,0.636576678522489,Merchandise exports to developing economies in Sub-Saharan Africa (% of total),TX.VAL.MRCH.R6.ZS,Bangladesh
YR2012,2.14336546614881,Merchandise exports to economies in the Arab World (% of total),TX.VAL.MRCH.AL.ZS,Bangladesh
YR2012,88.5148678592686,Merchandise exports to high income economies (% of total),TX.VAL.MRCH.HI.ZS,Bangladesh
YR2012,25127000000.0,Total Merchandise Exports (current US$),TX.VAL.MRCH.CD.WT,Bangladesh
YR2012,18692888699.0,Total Merchandise Exports (current US$) - Alternative,TX.VAL.MRCH.WL.CD,Bangladesh
YR2012,27.9178378519513,Transport services (% of service exports),TX.VAL.TRAN.ZS.WT,Bangladesh
YR2013,1.0513641186179,Agricultural raw materials exports (% of merchandise exports),TX.VAL.AGRI.ZS.UN,Bangladesh
YR2013,33737275377.9959,Exports of goods and services (constant 2015 US$),NE.EXP.GNFS.KD,Bangladesh
YR2013,29306607469.6236,Exports of goods and services (current US$),NE.EXP.GNFS.CD,Bangladesh
YR2013,3.95020479098769,Food exports (% of merchandise exports),TX.VAL.FOOD.ZS.UN,Bangladesh
YR2013,1.13549487669373,Fuel exports (% of merchandise exports),TX.VAL.FUEL.ZS.UN,Bangladesh
YR2013,0.299089378482049,High-technology exports (% of manufactured exports),TX.VAL.TECH.MF.ZS,Bangladesh
YR2013,68647591.0,High-technology exports (current US$),TX.VAL.TECH.CD,Bangladesh
YR2013,0.314194015485004,Machinery and transport equipment exports (% of merchandise exports),TX.VAL.MMTL.ZS.UN,Bangladesh
YR2013,93.5398809120663,Manufactures exports (% of merchandise exports),TX.VAL.MANF.ZS.UN,Bangladesh
YR2013,3.10786029106153,Merchandise exports to developing economies in East Asia & Pacific (% of total),TX.VAL.MRCH.R1.ZS,Bangladesh
YR2013,3.15656872969799,Merchandise exports to developing economies in Europe & Central Asia (% of total),TX.VAL.MRCH.R2.ZS,Bangladesh
YR2013,1.24139373507524,Merchandise exports to developing economies in Latin America & the Caribbean (% of total),TX.VAL.MRCH.R3.ZS,Bangladesh
YR2013,0.704948760700303,Merchandise exports to developing economies in Middle East & North Africa (% of total),TX.VAL.MRCH.R4.ZS,Bangladesh
YR2013,2.64178851703267,Merchandise exports to developing economies in South Asia (% of total),TX.VAL.MRCH.R5.ZS,Bangladesh
YR2013,0.564223106038838,Merchandise exports to developing economies in Sub-Saharan Africa (% of total),TX.VAL.MRCH.R6.ZS,Bangladesh
YR2013,2.37596861920952,Merchandise exports to economies in the Arab World (% of total),TX.VAL.MRCH.AL.ZS,Bangladesh
YR2013,88.5832168603934,Merchandise exports to high income economies (% of total),TX.VAL.MRCH.HI.ZS,Bangladesh
YR2013,29114000000.0,Total Merchandise Exports (current US$),TX.VAL.MRCH.CD.WT,Bangladesh
YR2013,21657154890.0,Total Merchandise Exports (current US$) - Alternative,TX.VAL.MRCH.WL.CD,Bangladesh
YR2013,32.5452229350196,Transport services (% of service exports),TX.VAL.TRAN.ZS.WT,Bangladesh
YR2014,34817255923.1622,Exports of goods and services (constant 2015 US$),NE.EXP.GNFS.KD,Bangladesh
YR2014,32830579729.9485,Exports of goods and services (current US$),NE.EXP.GNFS.CD,Bangladesh
YR2014,4.09735144449491,Merchandise exports to developing economies in East Asia & Pacific (% of total),TX.VAL.MRCH.R1.ZS,Bangladesh
YR2014,2.96458636810722,Merchandise exports to developing economies in Europe & Central Asia (% of total),TX.VAL.MRCH.R2.ZS,Bangladesh
YR2014,1.17248316595493,Merchandise exports to developing economies in Latin America & the Caribbean (% of total),TX.VAL.MRCH.R3.ZS,Bangladesh
YR2014,0.491392879478645,Merchandise exports to developing economies in Middle East & North Africa (% of total),TX.VAL.MRCH.R4.ZS,Bangladesh
YR2014,2.25730848998837,Merchandise exports to developing economies in South Asia (% of total),TX.VAL.MRCH.R5.ZS,Bangladesh
YR2014,0.448504264078377,Merchandise exports to developing economies in Sub-Saharan Africa (% of total),TX.VAL.MRCH.R6.ZS,Bangladesh
YR2014,2.217783142255,Merchandise exports to economies in the Arab World (% of total),TX.VAL.MRCH.AL.ZS,Bangladesh
YR2014,88.5683733878976,Merchandise exports to high income economies (% of total),TX.VAL.MRCH.HI.ZS,Bangladesh
YR2014,30405000000.0,Total Merchandise Exports (current US$),TX.VAL.MRCH.CD.WT,Bangladesh
YR2014,23598924576.0,Total Merchandise Exports (current US$) - Alternative,TX.VAL.MRCH.WL.CD,Bangladesh
YR2014,23.9055280956152,Transport services (% of service exports),TX.VAL.TRAN.ZS.WT,Bangladesh
YR2015,0.747182515389268,Agricultural raw materials exports (% of merchandise exports),TX.VAL.AGRI.ZS.UN,Bangladesh
YR2015,33831931004.0501,Exports of goods and services (constant 2015 US$),NE.EXP.GNFS.KD,Bangladesh
YR2015,33831931004.0501,Exports of goods and services (current US$),NE.EXP.GNFS.CD,Bangladesh
YR2015,2.70599278676995,Food exports (% of merchandise exports),TX.VAL.FOOD.ZS.UN,Bangladesh
YR2015,0.561290711404927,Fuel exports (% of merchandise exports),TX.VAL.FUEL.ZS.UN,Bangladesh
YR2015,0.307867105131918,High-technology exports (% of manufactured exports),TX.VAL.TECH.MF.ZS,Bangladesh
YR2015,93607706.0,High-technology exports (current US$),TX.VAL.TECH.CD,Bangladesh
YR2015,0.171611767409981,Machinery and transport equipment exports (% of merchandise exports),TX.VAL.MMTL.ZS.UN,Bangladesh
YR2015,95.8123018643015,Manufactures exports (% of merchandise exports),TX.VAL.MANF.ZS.UN,Bangladesh
YR2015,3.85655797326402,Merchandise exports to developing economies in East Asia & Pacific (% of total),TX.VAL.MRCH.R1.ZS,Bangladesh
YR2015,2.54950649098528,Merchandise exports to developing economies in Europe & Central Asia (% of total),TX.VAL.MRCH.R2.ZS,Bangladesh
YR2015,1.25886508842557,Merchandise exports to developing economies in Latin America & the Caribbean (% of total),TX.VAL.MRCH.R3.ZS,Bangladesh
YR2015,0.446502778518142,Merchandise exports to developing economies in Middle East & North Africa (% of total),TX.VAL.MRCH.R4.ZS,Bangladesh
YR2015,2.69878204642527,Merchandise exports to developing economies in South Asia (% of total),TX.VAL.MRCH.R5.ZS,Bangladesh
YR2015,0.557536824937386,Merchandise exports to developing economies in Sub-Saharan Africa (% of total),TX.VAL.MRCH.R6.ZS,Bangladesh
YR2015,2.4663184126411,Merchandise exports to economies in the Arab World (% of total),TX.VAL.MRCH.AL.ZS,Bangladesh
YR2015,88.6322487974443,Merchandise exports to high income economies (% of total),TX.VAL.MRCH.HI.ZS,Bangladesh
YR2015,32379000000.0,Total Merchandise Exports (current US$),TX.VAL.MRCH.CD.WT,Bangladesh
YR2015,24643402526.0,Total Merchandise Exports (current US$) - Alternative,TX.VAL.MRCH.WL.CD,Bangladesh
YR2015,23.9381105152468,Transport services (% of service exports),TX.VAL.TRAN.ZS.WT,Bangladesh
YR2016,0.939612361308177,Agricultural raw materials exports (% of merchandise exports),TX.VAL.AGRI.ZS.UN,Bangladesh
YR2016,34575133828.3026,Exports of goods and services (constant 2015 US$),NE.EXP.GNFS.KD,Bangladesh
YR2016,36922447162.046,Exports of goods and services (current US$),NE.EXP.GNFS.CD,Bangladesh
YR2016,3.0356749956152,Food exports (% of merchandise exports),TX.VAL.FOOD.ZS.UN,Bangladesh
YR2016,0.799979316816806,Fuel exports (% of merchandise exports),TX.VAL.FUEL.ZS.UN,Bangladesh
YR2016,0.242933626284075,High-technology exports (% of manufactured exports),TX.VAL.TECH.MF.ZS,Bangladesh
YR2016,80224851.0,High-technology exports (current US$),TX.VAL.TECH.CD,Bangladesh
YR2016,0.199272689588463,Machinery and transport equipment exports (% of merchandise exports),TX.VAL.MMTL.ZS.UN,Bangladesh
YR2016,95.0234067056524,Manufactures exports (% of merchandise exports),TX.VAL.MANF.ZS.UN,Bangladesh
YR2016,4.23873618559296,Merchandise exports to developing economies in East Asia & Pacific (% of total),TX.VAL.MRCH.R1.ZS,Bangladesh
YR2016,2.35829228041792,Merchandise exports to developing economies in Europe & Central Asia (% of total),TX.VAL.MRCH.R2.ZS,Bangladesh
YR2016,1.02553056669727,Merchandise exports to developing economies in Latin America & the Caribbean (% of total),TX.VAL.MRCH.R3.ZS,Bangladesh
YR2016,0.382997259630858,Merchandise exports to developing economies in Middle East & North Africa (% of total),TX.VAL.MRCH.R4.ZS,Bangladesh
YR2016,3.06028220626155,Merchandise exports to developing economies in South Asia (% of total),TX.VAL.MRCH.R5.ZS,Bangladesh
YR2016,0.461707053920493,Merchandise exports to developing economies in Sub-Saharan Africa (% of total),TX.VAL.MRCH.R6.ZS,Bangladesh
YR2016,2.54751643337172,Merchandise exports to economies in the Arab World (% of total),TX.VAL.MRCH.AL.ZS,Bangladesh
YR2016,88.472454447479,Merchandise exports to high income economies (% of total),TX.VAL.MRCH.HI.ZS,Bangladesh
YR2016,34894000000.0,Total Merchandise Exports (current US$),TX.VAL.MRCH.CD.WT,Bangladesh
YR2016,24819157738.0,Total Merchandise Exports (current US$) - Alternative,TX.VAL.MRCH.WL.CD,Bangladesh
YR2016,20.820300828524,Transport services (% of service exports),TX.VAL.TRAN.ZS.WT,Bangladesh
YR2017,0.727062955354584,Agricultural raw materials exports (% of merchandise exports),TX.VAL.AGRI.ZS.UN,Bangladesh
YR2017,33937817019.2328,Exports of goods and services (constant 2015 US$),NE.EXP.GNFS.KD,Bangladesh
YR2017,37655756192.841,Exports of goods and services (current US$),NE.EXP.GNFS.CD,Bangladesh
YR2017,3.11266643649063,Food exports (% of merchandise exports),TX.VAL.FOOD.ZS.UN,Bangladesh
YR2017,0.682738569544682,Fuel exports (% of merchandise exports),TX.VAL.FUEL.ZS.UN,Bangladesh
YR2017,0.426450633403232,High-technology exports (% of manufactured exports),TX.VAL.TECH.MF.ZS,Bangladesh
YR2017,161066666.0,High-technology exports (current US$),TX.VAL.TECH.CD,Bangladesh
YR2017,0.27752243063948,Machinery and transport equipment exports (% of merchandise exports),TX.VAL.MMTL.ZS.UN,Bangladesh
YR2017,95.1979351496855,Manufactures exports (% of merchandise exports),TX.VAL.MANF.ZS.UN,Bangladesh
YR2017,4.06985594163691,Merchandise exports to developing economies in East Asia & Pacific (% of total),TX.VAL.MRCH.R1.ZS,Bangladesh
YR2017,2.17097687393102,Merchandise exports to developing economies in Europe & Central Asia (% of total),TX.VAL.MRCH.R2.ZS,Bangladesh
YR2017,1.12137348072406,Merchandise exports to developing economies in Latin America & the Caribbean (% of total),TX.VAL.MRCH.R3.ZS,Bangladesh
YR2017,0.393360644662595,Merchandise exports to developing economies in Middle East & North Africa (% of total),TX.VAL.MRCH.R4.ZS,Bangladesh
YR2017,2.68502451254729,Merchandise exports to developing economies in South Asia (% of total),TX.VAL.MRCH.R5.ZS,Bangladesh
YR2017,0.648435545404117,Merchandise exports to developing economies in Sub-Saharan Africa (% of total),TX.VAL.MRCH.R6.ZS,Bangladesh
YR2017,2.64108534814384,Merchandise exports to economies in the Arab World (% of total),TX.VAL.MRCH.AL.ZS,Bangladesh
YR2017,88.910973001094,Merchandise exports to high income economies (% of total),TX.VAL.MRCH.HI.ZS,Bangladesh
YR2017,35851000000.0,Total Merchandise Exports (current US$),TX.VAL.MRCH.CD.WT,Bangladesh
YR2017,25700689017.0,Total Merchandise Exports (current US$) - Alternative,TX.VAL.MRCH.WL.CD,Bangladesh
YR2017,21.4841875203023,Transport services (% of service exports),TX.VAL.TRAN.ZS.WT,Bangladesh
YR2018,0.767841924151289,Agricultural raw materials exports (% of merchandise exports),TX.VAL.AGRI.ZS.UN,Bangladesh
YR2018,36010032876.3986,Exports of goods and services (constant 2015 US$),NE.EXP.GNFS.KD,Bangladesh
YR2018,40732047404.0872,Exports of goods and services (current US$),NE.EXP.GNFS.CD,Bangladesh
YR2018,3.38709259966535,Food exports (% of merchandise exports),TX.VAL.FOOD.ZS.UN,Bangladesh
YR2018,1.09687826106508,Fuel exports (% of merchandise exports),TX.VAL.FUEL.ZS.UN,Bangladesh
YR2018,0.539452073551698,High-technology exports (% of manufactured exports),TX.VAL.TECH.MF.ZS,Bangladesh
YR2018,204146450.0,High-technology exports (current US$),TX.VAL.TECH.CD,Bangladesh
YR2018,0.293795364051544,Machinery and transport equipment exports (% of merchandise exports),TX.VAL.MMTL.ZS.UN,Bangladesh
YR2018,94.4530526963443,Manufactures exports (% of merchandise exports),TX.VAL.MANF.ZS.UN,Bangladesh
YR2018,3.34094820716384,Merchandise exports to developing economies in East Asia & Pacific (% of total),TX.VAL.MRCH.R1.ZS,Bangladesh
YR2018,1.56731470709492,Merchandise exports to developing economies in Europe & Central Asia (% of total),TX.VAL.MRCH.R2.ZS,Bangladesh
YR2018,1.41983486047324,Merchandise exports to developing economies in Latin America & the Caribbean (% of total),TX.VAL.MRCH.R3.ZS,Bangladesh
YR2018,0.338861825889344,Merchandise exports to developing economies in Middle East & North Africa (% of total),TX.VAL.MRCH.R4.ZS,Bangladesh
YR2018,3.70633558880836,Merchandise exports to developing economies in South Asia (% of total),TX.VAL.MRCH.R5.ZS,Bangladesh
YR2018,0.619018141319908,Merchandise exports to developing economies in Sub-Saharan Africa (% of total),TX.VAL.MRCH.R6.ZS,Bangladesh
YR2018,2.35487686657903,Merchandise exports to economies in the Arab World (% of total),TX.VAL.MRCH.AL.ZS,Bangladesh
YR2018,89.0076866692504,Merchandise exports to high income economies (% of total),TX.VAL.MRCH.HI.ZS,Bangladesh
YR2018,39252000000.0,Total Merchandise Exports (current US$),TX.VAL.MRCH.CD.WT,Bangladesh
YR2018,27615508107.0,Total Merchandise Exports (current US$) - Alternative,TX.VAL.MRCH.WL.CD,Bangladesh
YR2018,22.0488982737465,Transport services (% of service exports),TX.VAL.TRAN.ZS.WT,Bangladesh
YR2019,40135512710.0993,Exports of goods and services (constant 2015 US$),NE.EXP.GNFS.KD,Bangladesh
YR2019,45992932855.1263,Exports of goods and services (current US$),NE.EXP.GNFS.CD,Bangladesh
YR2019,3.49900876900308,Merchandise exports to developing economies in East Asia & Pacific (% of total),TX.VAL.MRCH.R1.ZS,Bangladesh
YR2019,1.44187378349035,Merchandise exports to developing economies in Europe & Central Asia (% of total),TX.VAL.MRCH.R2.ZS,Bangladesh
YR2019,1.43787412248872,Merchandise exports to developing economies in Latin America & the Caribbean (% of total),TX.VAL.MRCH.R3.ZS,Bangladesh
YR2019,0.304055656242228,Merchandise exports to developing economies in Middle East & North Africa (% of total),TX.VAL.MRCH.R4.ZS,Bangladesh
YR2019,3.69632858471682,Merchandise exports to developing economies in South Asia (% of total),TX.VAL.MRCH.R5.ZS,Bangladesh
YR2019,0.53343217773318,Merchandise exports to developing economies in Sub-Saharan Africa (% of total),TX.VAL.MRCH.R6.ZS,Bangladesh
YR2019,2.2251080688836,Merchandise exports to economies in the Arab World (% of total),TX.VAL.MRCH.AL.ZS,Bangladesh
YR2019,89.0874269063256,Merchandise exports to high income economies (% of total),TX.VAL.MRCH.HI.ZS,Bangladesh
YR2019,39337000000.0,Total Merchandise Exports (current US$),TX.VAL.MRCH.CD.WT,Bangladesh
YR2019,29805901038.0,Total Merchandise Exports (current US$) - Alternative,TX.VAL.MRCH.WL.CD,Bangladesh
YR2019,19.55975909756,Transport services (% of service exports),TX.VAL.TRAN.ZS.WT,Bangladesh
YR2020,33110837829.0007,Exports of goods and services (constant 2015 US$),NE.EXP.GNFS.KD,Bangladesh
YR2020,39053880559.8514,Exports of goods and services (current US$),NE.EXP.GNFS.CD,Bangladesh
YR2020,3.32509861191502,Merchandise exports to developing economies in East Asia & Pacific (% of total),TX.VAL.MRCH.R1.ZS,Bangladesh
YR2020,1.7387210289205,Merchandise exports to developing economies in Europe & Central Asia (% of total),TX.VAL.MRCH.R2.ZS,Bangladesh
YR2020,1.17017936398404,Merchandise exports to developing economies in Latin America & the Caribbean (% of total),TX.VAL.MRCH.R3.ZS,Bangladesh
YR2020,0.352641748125715,Merchandise exports to developing economies in Middle East & North Africa (% of total),TX.VAL.MRCH.R4.ZS,Bangladesh
YR2020,3.68722567083908,Merchandise exports to developing economies in South Asia (% of total),TX.VAL.MRCH.R5.ZS,Bangladesh
YR2020,0.670402266802084,Merchandise exports to developing economies in Sub-Saharan Africa (% of total),TX.VAL.MRCH.R6.ZS,Bangladesh
YR2020,2.68669775869911,Merchandise exports to economies in the Arab World (% of total),TX.VAL.MRCH.AL.ZS,Bangladesh
YR2020,89.053874233136,Merchandise exports to high income economies (% of total),TX.VAL.MRCH.HI.ZS,Bangladesh
YR2020,33605000000.0,Total Merchandise Exports (current US$),TX.VAL.MRCH.CD.WT,Bangladesh
YR2020,27848829165.0,Total Merchandise Exports (current US$) - Alternative,TX.VAL.MRCH.WL.CD,Bangladesh
YR2020,22.2570097918864,Transport services (% of service exports),TX.VAL.TRAN.ZS.WT,Bangladesh
YR2021,36154205958.2183,Exports of goods and services (constant 2015 US$),NE.EXP.GNFS.KD,Bangladesh
YR2021,44386125441.8587,Exports of goods and services (current US$),NE.EXP.GNFS.CD,Bangladesh
YR2021,3.54061431169913,Merchandise exports to developing economies in East Asia & Pacific (% of total),TX.VAL.MRCH.R1.ZS,Bangladesh
YR2021,1.19304155593863,Merchandise exports to developing economies in Europe & Central Asia (% of total),TX.VAL.MRCH.R2.ZS,Bangladesh
YR2021,1.13779934378948,Merchandise exports to developing economies in Latin America & the Caribbean (% of total),TX.VAL.MRCH.R3.ZS,Bangladesh
YR2021,0.373570126226846,Merchandise exports to developing economies in Middle East & North Africa (% of total),TX.VAL.MRCH.R4.ZS,Bangladesh
YR2021,4.51931385001035,Merchandise exports to developing economies in South Asia (% of total),TX.VAL.MRCH.R5.ZS,Bangladesh
YR2021,0.759861800143695,Merchandise exports to developing economies in Sub-Saharan Africa (% of total),TX.VAL.MRCH.R6.ZS,Bangladesh
YR2021,2.58318457235653,Merchandise exports to economies in the Arab World (% of total),TX.VAL.MRCH.AL.ZS,Bangladesh
YR2021,88.4584064665749,Merchandise exports to high income economies (% of total),TX.VAL.MRCH.HI.ZS,Bangladesh
YR2021,44223000000.0,Total Merchandise Exports (current US$),TX.VAL.MRCH.CD.WT,Bangladesh
YR2021,37837738908.0,Total Merchandise Exports (current US$) - Alternative,TX.VAL.MRCH.WL.CD,Bangladesh
YR2021,27.1626994027127,Transport services (% of service exports),TX.VAL.TRAN.ZS.WT,Bangladesh
YR2022,46780850864.3021,Exports of goods and services (constant 2015 US$),NE.EXP.GNFS.KD,Bangladesh
YR2022,59275206086.406,Exports of goods and services (current US$),NE.EXP.GNFS.CD,Bangladesh
YR2022,2.57978047117781,Merchandise exports to developing economies in East Asia & Pacific (% of total),TX.VAL.MRCH.R1.ZS,Bangladesh
YR2022,1.13053284485505,Merchandise exports to developing economies in Europe & Central Asia (% of total),TX.VAL.MRCH.R2.ZS,Bangladesh
YR2022,1.29455114707421,Merchandise exports to developing economies in Latin America & the Caribbean (% of total),TX.VAL.MRCH.R3.ZS,Bangladesh
YR2022,0.349280306177888,Merchandise exports to developing economies in Middle East & North Africa (% of total),TX.VAL.MRCH.R4.ZS,Bangladesh
YR2022,4.1182080071709,Merchandise exports to developing economies in South Asia (% of total),TX.VAL.MRCH.R5.ZS,Bangladesh
YR2022,0.629319732461312,Merchandise exports to developing economies in Sub-Saharan Africa (% of total),TX.VAL.MRCH.R6.ZS,Bangladesh
YR2022,2.49040372625253,Merchandise exports to economies in the Arab World (% of total),TX.VAL.MRCH.AL.ZS,Bangladesh
YR2022,89.8885478835933,Merchandise exports to high income economies (% of total),TX.VAL.MRCH.HI.ZS,Bangladesh
YR2022,51405000000.0,Total Merchandise Exports (current US$),TX.VAL.MRCH.CD.WT,Bangladesh
YR2022,47070835971.0,Total Merchandise Exports (current US$) - Alternative,TX.VAL.MRCH.WL.CD,Bangladesh
YR2022,25.5204109351775,Transport services (% of service exports),TX.VAL.TRAN.ZS.WT,Bangladesh
YR2023,50538575675.937,Exports of goods and services (constant 2015 US$),NE.EXP.GNFS.KD,Bangladesh
YR2023,57551452000.7801,Exports of goods and services (current US$),NE.EXP.GNFS.CD,Bangladesh
YR2023,3.10045907428213,Merchandise exports to developing economies in East Asia & Pacific (% of total),TX.VAL.MRCH.R1.ZS,Bangladesh
YR2023,1.30571782481636,Merchandise exports to developing economies in Europe & Central Asia (% of total),TX.VAL.MRCH.R2.ZS,Bangladesh
YR2023,1.55520491880371,Merchandise exports to developing economies in Latin America & the Caribbean (% of total),TX.VAL.MRCH.R3.ZS,Bangladesh
YR2023,0.276838706695584,Merchandise exports to developing economies in Middle East & North Africa (% of total),TX.VAL.MRCH.R4.ZS,Bangladesh
YR2023,4.53718779239393,Merchandise exports to developing economies in South Asia (% of total),TX.VAL.MRCH.R5.ZS,Bangladesh
YR2023,0.67566809003223,Merchandise exports to developing economies in Sub-Saharan Africa (% of total),TX.VAL.MRCH.R6.ZS,Bangladesh
YR2023,2.33495672373191,Merchandise exports to economies in the Arab World (% of total),TX.VAL.MRCH.AL.ZS,Bangladesh
YR2023,88.5305106220791,Merchandise exports to high income economies (% of total),TX.VAL.MRCH.HI.ZS,Bangladesh
YR2023,44237000000.0,Total Merchandise Exports (current US$),TX.VAL.MRCH.CD.WT,Bangladesh
YR2023,38755820774.0,Total Merchandise Exports (current US$) - Alternative,TX.VAL.MRCH.WL.CD,Bangladesh
YR2023,17.57900860965,Transport services (% of service exports),TX.VAL.TRAN.ZS.WT,Bangladesh
YR2024,41879972086.3029,Exports of goods and services (constant 2015 US$),NE.EXP.GNFS.KD,Bangladesh
YR2024,47087839244.3229,Exports of goods and services (current US$),NE.EXP.GNFS.CD,Bangladesh
YR2024,47245000000.0,Total Merchandise Exports (current US$),TX.VAL.MRCH.CD.WT,Bangladesh
YR2024,23.7740670892594,Transport services (% of service exports),TX.VAL.TRAN.ZS.WT,Bangladesh
